{"cameraMode":{"drawMode":0,"name":"Shaded","section":"Shading Mode"},"sceneLighting":false,"audioPlay":false,"sceneViewState":{"showFog":true,"showMaterialUpdate":false,"showSkybox":true,"showFlares":true,"showImageEffects":true,"showParticleSystems":true},"in2DMode":false,"pivot":{"x":7.304732322692871,"y":6.330611228942871,"z":3.154115676879883},"rotation":{"x":0.01000565942376852,"y":0.9300459623336792,"z":-0.366428017616272,"w":0.025395968928933145},"size":27.6330509185791,"orthographic":false}