{"cameraMode":{"drawMode":0,"name":"Shaded","section":"Shading Mode"},"sceneLighting":false,"audioPlay":false,"sceneViewState":{"showFog":true,"showMaterialUpdate":false,"showSkybox":false,"showFlares":true,"showImageEffects":true,"showParticleSystems":true},"in2DMode":false,"pivot":{"x":0.041633039712905887,"y":0.9386633634567261,"z":-0.21671676635742188},"rotation":{"x":-0.003847903572022915,"y":0.9957286715507507,"z":-0.07813862711191178,"w":-0.04902985319495201},"size":3.3452341556549074,"orthographic":false}