{"cameraMode":{"drawMode":0,"name":"Shaded","section":"Shading Mode"},"sceneLighting":false,"audioPlay":false,"sceneViewState":{"showFog":true,"showMaterialUpdate":false,"showSkybox":true,"showFlares":true,"showImageEffects":true,"showParticleSystems":true},"in2DMode":false,"pivot":{"x":10.395034790039063,"y":3.205716133117676,"z":8.059739112854004},"rotation":{"x":-0.08176090568304062,"y":0.9019728899002075,"z":-0.3758465051651001,"w":-0.1962132304906845},"size":16.84600067138672,"orthographic":false}