{"cameraMode":{"drawMode":0,"name":"Shaded","section":"Shading Mode"},"sceneLighting":false,"audioPlay":false,"sceneViewState":{"showFog":true,"showMaterialUpdate":false,"showSkybox":true,"showFlares":true,"showImageEffects":true,"showParticleSystems":true},"in2DMode":false,"pivot":{"x":4.344620227813721,"y":2.6768836975097658,"z":9.837461471557618},"rotation":{"x":-0.09025634080171585,"y":0.8857254981994629,"z":-0.41192322969436648,"w":-0.1940707564353943},"size":11.370738983154297,"orthographic":false}