{"cameraMode":{"drawMode":0,"name":"Shaded","section":"Shading Mode"},"sceneLighting":false,"audioPlay":false,"sceneViewState":{"showFog":true,"showMaterialUpdate":false,"showSkybox":true,"showFlares":true,"showImageEffects":true,"showParticleSystems":true},"in2DMode":false,"pivot":{"x":10.15581226348877,"y":-6.004602432250977,"z":5.931650161743164},"rotation":{"x":0.13301138579845429,"y":0.8518862128257752,"z":-0.43413981795310976,"w":0.26099905371665957},"size":30.47254180908203,"orthographic":false}