{"cameraMode":{"drawMode":0,"name":"Shaded","section":"Shading Mode"},"sceneLighting":false,"audioPlay":false,"sceneViewState":{"showFog":true,"showMaterialUpdate":false,"showSkybox":false,"showFlares":true,"showImageEffects":true,"showParticleSystems":true},"in2DMode":false,"pivot":{"x":0.6208716630935669,"y":2.380770206451416,"z":-0.5133061408996582},"rotation":{"x":0.0019406529609113932,"y":0.9968335032463074,"z":-0.07521705329418183,"w":0.025723543018102647},"size":4.778054714202881,"orthographic":false}